-- phpMyAdmin SQL Dump
-- version 5.1.3
-- https://www.phpmyadmin.net/
--
-- Servidor: 127.0.0.1
-- Tiempo de generación: 20-06-2022 a las 23:21:55
-- Versión del servidor: 10.4.24-MariaDB
-- Versión de PHP: 7.4.28

SET SQL_MODE = "NO_AUTO_VALUE_ON_ZERO";
START TRANSACTION;
SET time_zone = "+00:00";


/*!40101 SET @OLD_CHARACTER_SET_CLIENT=@@CHARACTER_SET_CLIENT */;
/*!40101 SET @OLD_CHARACTER_SET_RESULTS=@@CHARACTER_SET_RESULTS */;
/*!40101 SET @OLD_COLLATION_CONNECTION=@@COLLATION_CONNECTION */;
/*!40101 SET NAMES utf8mb4 */;

--
-- Base de datos: `aplicacion`
--

-- --------------------------------------------------------

--
-- Estructura de tabla para la tabla `alumnos`
--

CREATE TABLE `alumnos` (
  `id` int(11) NOT NULL,
  `nombre` varchar(255) NOT NULL,
  `apellidos` varchar(255) NOT NULL
) ENGINE=InnoDB DEFAULT CHARSET=utf8mb4;

--
-- Volcado de datos para la tabla `alumnos`
--

INSERT INTO `alumnos` (`id`, `nombre`, `apellidos`) VALUES
(2, 'LUIS ANDRES', 'CRUZ MERLIN'),
(3, 'jose luis', 'cruz hermida'),
(4, 'vania gissely', 'cruz merlin'),
(5, 'yari diana', 'cruz merlin');

-- --------------------------------------------------------

--
-- Estructura de tabla para la tabla `alumnos_cursos`
--

CREATE TABLE `alumnos_cursos` (
  `id` int(11) NOT NULL,
  `idalumno` int(255) NOT NULL,
  `idcurso` int(255) NOT NULL
) ENGINE=InnoDB DEFAULT CHARSET=utf8mb4;

--
-- Volcado de datos para la tabla `alumnos_cursos`
--

INSERT INTO `alumnos_cursos` (`id`, `idalumno`, `idcurso`) VALUES
(5, 4, 3),
(6, 4, 1),
(11, 2, 1),
(12, 2, 2),
(13, 2, 5),
(14, 3, 5),
(15, 3, 2),
(17, 5, 3),
(18, 5, 2),
(19, 5, 1),
(20, 5, 5);

-- --------------------------------------------------------

--
-- Estructura de tabla para la tabla `cursos`
--

CREATE TABLE `cursos` (
  `id` int(255) NOT NULL,
  `nombre_curso` varchar(255) NOT NULL
) ENGINE=InnoDB DEFAULT CHARSET=utf8mb4;

--
-- Volcado de datos para la tabla `cursos`
--

INSERT INTO `cursos` (`id`, `nombre_curso`) VALUES
(1, 'sitio web con php'),
(2, 'curso laravel'),
(3, 'curso javascrip'),
(5, 'curso git');

--
-- Índices para tablas volcadas
--

--
-- Indices de la tabla `alumnos`
--
ALTER TABLE `alumnos`
  ADD PRIMARY KEY (`id`);

--
-- Indices de la tabla `alumnos_cursos`
--
ALTER TABLE `alumnos_cursos`
  ADD PRIMARY KEY (`id`),
  ADD KEY `idalumno` (`idalumno`),
  ADD KEY `idcurso` (`idcurso`);

--
-- Indices de la tabla `cursos`
--
ALTER TABLE `cursos`
  ADD PRIMARY KEY (`id`);

--
-- AUTO_INCREMENT de las tablas volcadas
--

--
-- AUTO_INCREMENT de la tabla `alumnos`
--
ALTER TABLE `alumnos`
  MODIFY `id` int(11) NOT NULL AUTO_INCREMENT, AUTO_INCREMENT=7;

--
-- AUTO_INCREMENT de la tabla `alumnos_cursos`
--
ALTER TABLE `alumnos_cursos`
  MODIFY `id` int(11) NOT NULL AUTO_INCREMENT, AUTO_INCREMENT=21;

--
-- AUTO_INCREMENT de la tabla `cursos`
--
ALTER TABLE `cursos`
  MODIFY `id` int(255) NOT NULL AUTO_INCREMENT, AUTO_INCREMENT=6;

--
-- Restricciones para tablas volcadas
--

--
-- Filtros para la tabla `alumnos_cursos`
--
ALTER TABLE `alumnos_cursos`
  ADD CONSTRAINT `alumnos_cursos_ibfk_1` FOREIGN KEY (`idalumno`) REFERENCES `alumnos` (`id`) ON DELETE CASCADE ON UPDATE CASCADE,
  ADD CONSTRAINT `alumnos_cursos_ibfk_2` FOREIGN KEY (`idcurso`) REFERENCES `cursos` (`id`) ON DELETE CASCADE ON UPDATE CASCADE;
COMMIT;

/*!40101 SET CHARACTER_SET_CLIENT=@OLD_CHARACTER_SET_CLIENT */;
/*!40101 SET CHARACTER_SET_RESULTS=@OLD_CHARACTER_SET_RESULTS */;
/*!40101 SET COLLATION_CONNECTION=@OLD_COLLATION_CONNECTION */;
